Title,Company,Location,Link,ListedAt,ScrapedAt
"Intern, IT - Software Engineering - ATL (Summer 2026)",Delta Air Lines,"Atlanta, GA",https://www.linkedin.com/jobs/view/intern-it-software-engineering-atl-summer-2026-at-delta-air-lines-4359274862,2026-01-16,2026-01-19T13:10:26.911Z
Software Developer - Internship,fusionSpan,"Maryland, United States",https://www.linkedin.com/jobs/view/software-developer-internship-at-fusionspan-4352754697,2026-01-13,2026-01-19T13:10:26.913Z
Software Engineer Internship,VES LLC,"Madison Heights, MI",https://www.linkedin.com/jobs/view/software-engineer-internship-at-ves-llc-4358346402,2026-01-05,2026-01-19T13:10:26.913Z
Software Engineering Intern,Airbnb,United States,https://www.linkedin.com/jobs/view/software-engineering-intern-at-airbnb-4360757829,2026-01-13,2026-01-19T13:10:26.913Z
Software Engineering Intern,Acorns,United States,https://www.linkedin.com/jobs/view/software-engineering-intern-at-acorns-4363603780,2026-01-16,2026-01-19T13:10:26.913Z
Software Engineer Intern,Roku,"New York, NY",https://www.linkedin.com/jobs/view/software-engineer-intern-at-roku-4343549249,2026-01-06,2026-01-19T13:10:26.913Z
Software Engineer Intern - Summer Session (Summer 2026),NimbleRx,"Redwood City, CA",https://www.linkedin.com/jobs/view/software-engineer-intern-summer-session-summer-2026-at-nimblerx-4354520017,2026-01-04,2026-01-19T13:10:26.913Z
Software Engineer Intern,Pulsewave,San Francisco Bay Area,https://www.linkedin.com/jobs/view/software-engineer-intern-at-pulsewave-4360180545,2026-01-18,2026-01-19T13:10:26.913Z
"Software Engineer Intern, Front-End, PMS",Talos,"New York, NY",https://www.linkedin.com/jobs/view/software-engineer-intern-front-end-pms-at-talos-4318504607,2025-10-22,2026-01-19T13:10:26.913Z
Junior Full Stack Software Engineer (Part-Time/Internship),Interclypse,"Annapolis Junction, MD",https://www.linkedin.com/jobs/view/junior-full-stack-software-engineer-part-time-internship-at-interclypse-4358257140,2026-01-07,2026-01-19T13:10:26.913Z
Software Engineer Intern,Workhelio,United States,https://www.linkedin.com/jobs/view/software-engineer-intern-at-workhelio-4360282185,2026-01-18,2026-01-19T13:10:26.913Z
Software Engineer (Intern),MAI Agents,"Mountain View, CA",https://www.linkedin.com/jobs/view/software-engineer-intern-at-mai-agents-4335798381,2025-11-13,2026-01-19T13:10:26.913Z
Software Engineer Intern (Summer 2026),Giga,"San Francisco, CA",https://www.linkedin.com/jobs/view/software-engineer-intern-summer-2026-at-giga-4346977986,2026-01-03,2026-01-19T13:10:26.913Z
Intern - Software Engineer,Stratasys,"Minnetonka, MN",https://www.linkedin.com/jobs/view/intern-software-engineer-at-stratasys-4354818315,2026-01-13,2026-01-19T13:10:26.913Z
Software Engineering Intern,Auctane,"Austin, TX",https://www.linkedin.com/jobs/view/software-engineering-intern-at-auctane-4359129003,2026-01-15,2026-01-19T13:10:26.913Z
Software Engineer Intern - Summer 2026,Nextdoor,"Dallas, TX",https://www.linkedin.com/jobs/view/software-engineer-intern-summer-2026-at-nextdoor-4359717882,2026-01-09,2026-01-19T13:10:26.913Z
Intern - Software Development Engineer,GM Financial,United States,https://www.linkedin.com/jobs/view/intern-software-development-engineer-at-gm-financial-4314056770,2026-01-07,2026-01-19T13:10:26.913Z
Back-End Software Engineer Intern,PayPal,"San Jose, CA",https://www.linkedin.com/jobs/view/back-end-software-engineer-intern-at-paypal-4353055553,2026-01-14,2026-01-19T13:10:26.913Z
Software Engineering Intern,Olive (YC W25),United States,https://www.linkedin.com/jobs/view/software-engineering-intern-at-olive-yc-w25-4339249803,2025-11-28,2026-01-19T13:10:26.913Z
"Software Engineer, Summer Undergraduate Intern",Fastly,"San Francisco, CA",https://www.linkedin.com/jobs/view/software-engineer-summer-undergraduate-intern-at-fastly-4354399772,2026-01-05,2026-01-19T13:10:26.913Z
Software Developer Internship,"Integration Innovation, Inc.","Huntsville, AL",https://www.linkedin.com/jobs/view/software-developer-internship-at-integration-innovation-inc-4324519499,2025-11-26,2026-01-19T13:10:26.913Z
Software Engineer Intern,Mercor,"San Francisco, CA",https://www.linkedin.com/jobs/view/software-engineer-intern-at-mercor-4324314368,2026-01-07,2026-01-19T13:10:26.913Z
Intern - C++ Developer,Geneva Trading,"Chicago, IL",https://www.linkedin.com/jobs/view/intern-c%2B%2B-developer-at-geneva-trading-4364041666,2025-12-22,2026-01-19T13:10:26.913Z
Software Engineering Intern,Harvest by Acorns,"Brooklyn, NY",https://www.linkedin.com/jobs/view/software-engineering-intern-at-harvest-by-acorns-4360031665,2026-01-16,2026-01-19T13:10:26.913Z
INTERNSHIP - Software Engineer,Dassault Systèmes,"Johnston, RI",https://www.linkedin.com/jobs/view/internship-software-engineer-at-dassault-syst%C3%A8mes-4361576877,2026-01-13,2026-01-19T13:10:26.913Z
Intern - Software Development @ Tabi Places,Clubs App,"Irvine, CA",https://www.linkedin.com/jobs/view/intern-software-development-%40-tabi-places-at-clubs-app-4340791336,2025-11-07,2026-01-19T13:10:26.913Z
Software Engineer - CTJ - Top Secret: Internship Opportunities,Microsoft,"Redmond, WA",https://www.linkedin.com/jobs/view/software-engineer-ctj-top-secret-internship-opportunities-at-microsoft-4359444525,2026-01-09,2026-01-19T13:10:26.913Z
Software Developer Intern,Docusign,"San Francisco, CA",https://www.linkedin.com/jobs/view/software-developer-intern-at-docusign-4354811816,2026-01-12,2026-01-19T13:10:26.913Z
Software Engineer Internship (4 openings),Clerkie,"San Francisco, CA",https://www.linkedin.com/jobs/view/software-engineer-internship-4-openings-at-clerkie-4316397869,2025-10-17,2026-01-19T13:10:26.913Z
Software Engineering Intern,Monarch Quantum,"San Diego, CA",https://www.linkedin.com/jobs/view/software-engineering-intern-at-monarch-quantum-4359788371,2026-01-12,2026-01-19T13:10:26.913Z
Software Engineer Intern,Brewer Science,United States,https://www.linkedin.com/jobs/view/software-engineer-intern-at-brewer-science-4358125668,2026-01-06,2026-01-19T13:10:26.913Z
Software Development Intern,RICOH COLOMBIA,"Boulder, CO",https://www.linkedin.com/jobs/view/software-development-intern-at-ricoh-colombia-4306825840,2025-09-26,2026-01-19T13:10:26.913Z
Intern - Software Engineer,Coherent Corp.,"Fremont, CA",https://www.linkedin.com/jobs/view/intern-software-engineer-at-coherent-corp-4353526036,2026-01-16,2026-01-19T13:10:26.913Z
Software Engineer Intern,Typeface,"Bellevue, WA",https://www.linkedin.com/jobs/view/software-engineer-intern-at-typeface-4331966816,2026-01-09,2026-01-19T13:10:26.913Z
Graduate Intern Software Engineering,LodgeLink,"Scottsdale, AZ",https://www.linkedin.com/jobs/view/graduate-intern-software-engineering-at-lodgelink-4352650935,2026-01-11,2026-01-19T13:10:26.913Z
Software Developer Internship 2026,IBM,"Austin, TX",https://www.linkedin.com/jobs/view/software-developer-internship-2026-at-ibm-4344378381,2026-01-08,2026-01-19T13:10:26.913Z
"Software Engineer Intern, Finance Primitives (Summer 2026)",Ripple,"New York, NY",https://www.linkedin.com/jobs/view/software-engineer-intern-finance-primitives-summer-2026-at-ripple-4327863235,2026-01-08,2026-01-19T13:10:26.913Z
Software Engineer Intern (Summer 2026),Ripple,"San Francisco, CA",https://www.linkedin.com/jobs/view/software-engineer-intern-summer-2026-at-ripple-4327826169,2026-01-08,2026-01-19T13:10:26.913Z
"Frontend Software Engineer, Intern",Machina Labs,"Chatsworth, CA",https://www.linkedin.com/jobs/view/frontend-software-engineer-intern-at-machina-labs-4324467738,2026-01-08,2026-01-19T13:10:26.913Z
Software Developer Intern,IMT Insurance,"West Des Moines, IA",https://www.linkedin.com/jobs/view/software-developer-intern-at-imt-insurance-4363590667,2026-01-15,2026-01-19T13:10:26.913Z
