"Software Engineer, Salesforce",LinkedIn,"Bengaluru, Karnataka, India",https://in.linkedin.com/jobs/view/software-engineer-salesforce-at-linkedin-4376591027,"javascript, ci/cd",2026-02-23,2026-02-24T07:14:22.165Z,mid/unspecified,false
Software Engineer,Hiscox,"Lisboa, Lisbon, Portugal",https://pt.linkedin.com/jobs/view/software-engineer-at-hiscox-4331955823,"sql, azure, ci/cd",2026-02-23,2026-02-24T07:14:22.165Z,mid/unspecified,false
Data Engineer,Cargomatic,"San Francisco, CA",https://www.linkedin.com/jobs/view/data-engineer-at-cargomatic-4377060888,"python, sql, spark, databricks, delta lake, iceberg, dbt, kafka, snowflake",2026-02-24,2026-02-24T07:14:22.165Z,mid/unspecified,false
New Grad Software Engineer,Authentic,"New York, NY",https://www.linkedin.com/jobs/view/new-grad-software-engineer-at-authentic-4377107338,"python, aws, gcp",2026-02-24,2026-02-24T07:14:22.165Z,mid/unspecified,false
Jr Data Engineer,Axos Business Center,"Manila, National Capital Region, Philippines",https://ph.linkedin.com/jobs/view/jr-data-engineer-at-axos-business-center-4374276638,"python, sql, dbt, azure, ci/cd",2026-02-23,2026-02-24T07:14:22.165Z,mid/unspecified,false
Data Analyst,Godrej Capital,"Mumbai, Maharashtra, India",https://in.linkedin.com/jobs/view/data-analyst-at-godrej-capital-4376561066,sql,2026-02-23,2026-02-24T07:14:22.165Z,mid/unspecified,false
"Data Engineer, BI",Vitamix,"Olmsted, OH",https://www.linkedin.com/jobs/view/data-engineer-bi-at-vitamix-4375743884,"sql, snowflake, ci/cd",2026-02-23,2026-02-24T07:14:22.165Z,mid/unspecified,false
Data Engineer,City of Oxnard,"Oxnard, CA",https://www.linkedin.com/jobs/view/data-engineer-at-city-of-oxnard-4377052434,"python, sql, airflow, mysql, aws, azure",2026-02-24,2026-02-24T07:14:22.165Z,mid/unspecified,false
Business Intelligence (Shopee) Fresh Graduate,Shopee,"Bangkok, Bangkok City, Thailand",https://th.linkedin.com/jobs/view/business-intelligence-shopee-fresh-graduate-at-shopee-4262353945,"python, sql",2026-02-23,2026-02-24T07:14:22.165Z,entry/intern,true
"Software Engineer, Web Front End (1yr Contract)",Sendbird,"Seoul, Seoul, South Korea",https://kr.linkedin.com/jobs/view/software-engineer-web-front-end-1yr-contract-at-sendbird-4333205418,typescript,2026-02-23,2026-02-24T07:14:22.165Z,mid/unspecified,false
Software Engineer,HUB24 Limited,"Brisbane, Queensland, Australia",https://au.linkedin.com/jobs/view/software-engineer-at-hub24-limited-4329358159,"javascript, typescript, sql, azure, gcp, ci/cd",2026-02-23,2026-02-24T07:14:22.165Z,mid/unspecified,false
Data Engineer Intern (Remote),ezCater,United States,https://www.linkedin.com/jobs/view/data-engineer-intern-remote-at-ezcater-4375776797,"python, sql, airflow, dbt, snowflake, aws",2026-02-23,2026-02-24T07:14:22.165Z,entry/intern,true
Data Engineer,RAVL,"Toronto, Ontario, Canada",https://ca.linkedin.com/jobs/view/data-engineer-at-ravl-4377016333,"python, java, scala, sql, spark, databricks, airflow, dbt, kafka, snowflake, bigquery, redshift, synapse, aws, azure, gcp, glue, dataflow, jenkins, github actions, ci/cd",2026-02-23,2026-02-24T07:14:22.165Z,mid/unspecified,false
DATA ENGINEER SPECIALIST (PySpark),Inter,"Recife, Pernambuco, Brazil",https://br.linkedin.com/jobs/view/data-engineer-specialist-pyspark-at-inter-4374265698,"spark, pyspark, airflow, kafka, emr, kubernetes",2026-02-23,2026-02-24T07:14:22.165Z,mid/unspecified,false
Data Engineer,Blockchain,"London Area, United Kingdom",https://uk.linkedin.com/jobs/view/data-engineer-at-blockchain-4315875542,"python, java, sql, spark, airflow, kafka, bigquery, gcp, docker, kubernetes",2026-02-23,2026-02-24T07:14:22.165Z,mid/unspecified,false
Data Engineer Internship,Moser Consulting,"Indianapolis, IN",https://www.linkedin.com/jobs/view/data-engineer-internship-at-moser-consulting-4375741497,sql,2026-02-23,2026-02-24T07:14:22.165Z,entry/intern,true
"Data Analyst, Mumbai",Puma Energy,Mumbai Metropolitan Region,https://in.linkedin.com/jobs/view/data-analyst-mumbai-at-puma-energy-4215862456,"sql, databricks",2026-02-23,2026-02-24T07:14:22.165Z,mid/unspecified,false
Business Intelligence,MakeMyTrip,"Gurugram, Haryana, India",https://in.linkedin.com/jobs/view/business-intelligence-at-makemytrip-4376805886,"python, sql",2026-02-23,2026-02-24T07:14:22.165Z,mid/unspecified,false
Data Developer,Zoom,"Bengaluru, Karnataka, India",https://in.linkedin.com/jobs/view/data-developer-at-zoom-4368168882,"javascript, sql, snowflake, mysql",2026-02-23,2026-02-24T07:14:22.165Z,mid/unspecified,false
Data Analyst (3-month internship),KFC,"Lausanne, Vaud, Switzerland",https://ch.linkedin.com/jobs/view/data-analyst-3-month-internship-at-kfc-4371983916,spark,2026-02-23,2026-02-24T07:14:22.165Z,entry/intern,true
Data Engineer,Morrison Finance,"Brussels Region, Belgium",https://be.linkedin.com/jobs/view/data-engineer-at-morrison-finance-4376558673,"python, sql, spark, kafka, synapse, azure, docker, terraform, ci/cd",2026-02-23,2026-02-24T07:14:22.165Z,mid/unspecified,false
Data Engineer,Brio Digital,Greater Leeds Area,https://uk.linkedin.com/jobs/view/data-engineer-at-brio-digital-4376804260,"azure, ci/cd",2026-02-23,2026-02-24T07:14:22.165Z,mid/unspecified,false
Data & Analytics Engineer,MojoTech,United States,https://www.linkedin.com/jobs/view/data-analytics-engineer-at-mojotech-4375743969,"spark, hadoop, databricks, airflow, kafka, flink, snowflake, bigquery, redshift, aws, glue, dataflow, docker, kubernetes, ci/cd",2026-02-23,2026-02-24T07:14:22.165Z,mid/unspecified,false
Data Engineer,CXG,Vietnam,https://vn.linkedin.com/jobs/view/data-engineer-at-cxg-4376812504,"python, sql, airflow, dbt, terraform",2026-02-23,2026-02-24T07:14:22.165Z,mid/unspecified,false
Junior Data Engineer,Mitchell Martin Inc.,"Hyderabad, Telangana, India",https://in.linkedin.com/jobs/view/junior-data-engineer-at-mitchell-martin-inc-4374293229,sql,2026-02-23,2026-02-24T07:14:22.165Z,entry/intern,true
Data Engineer (Poland Remote),First Advantage,"Cracow, Małopolskie, Poland",https://pl.linkedin.com/jobs/view/data-engineer-poland-remote-at-first-advantage-4376830098,"python, spark, databricks, kafka, azure, kubernetes, terraform, ci/cd",2026-02-23,2026-02-24T07:14:22.165Z,mid/unspecified,false
Analytics Engineer,Base Power Company,"Austin, TX",https://www.linkedin.com/jobs/view/analytics-engineer-at-base-power-company-4377060535,"python, golang, javascript, sql, airflow, dbt, snowflake, bigquery, redshift",2026-02-24,2026-02-24T07:14:22.165Z,mid/unspecified,false
Data Engineer,Baxter Planning,"Barcelona, Catalonia, Spain",https://es.linkedin.com/jobs/view/data-engineer-at-baxter-planning-4376599101,"python, athena, airflow, redshift, dynamodb, aws, s3, glue, lambda, ecs, ci/cd",2026-02-23,2026-02-24T07:14:22.165Z,mid/unspecified,false
"Data Engineer, HQ",HelloFresh,"Toronto, Ontario, Canada",https://ca.linkedin.com/jobs/view/data-engineer-hq-at-hellofresh-4377031931,"python, sql, databricks, airflow, snowflake, docker, kubernetes",2026-02-23,2026-02-24T07:14:22.165Z,mid/unspecified,false
"Data Engineer, AS",Deutsche Bank,"Pune, Maharashtra, India",https://in.linkedin.com/jobs/view/data-engineer-as-at-deutsche-bank-4377055141,"python, java, sql, spark, gcp, dataproc, dataflow",2026-02-23,2026-02-24T07:14:22.165Z,mid/unspecified,false
Azure Data Engineer,LTIMindtree,"Pune, Maharashtra, India",https://in.linkedin.com/jobs/view/azure-data-engineer-at-ltimindtree-4374245622,"python, sql, spark, databricks, snowflake, azure",2026-02-23,2026-02-24T07:14:22.165Z,mid/unspecified,false
Data Analyst & Data Engineer,Seven Retail,"Jakarta, Indonesia",https://id.linkedin.com/jobs/view/data-analyst-data-engineer-at-seven-retail-4376031609,,2026-02-24,2026-02-24T07:14:22.165Z,mid/unspecified,false
Data Engineer - Freelance,Bitrock,Italy,https://it.linkedin.com/jobs/view/data-engineer-freelance-at-bitrock-4376592433,,2026-02-23,2026-02-24T07:14:22.165Z,mid/unspecified,false
"Data Engineer, Global Live",TikTok,"San Jose, CA",https://www.linkedin.com/jobs/view/data-engineer-global-live-at-tiktok-4375743905,"python, sql",2026-02-23,2026-02-24T07:14:22.165Z,mid/unspecified,false
Data Engineer,Claviz,"Riga, Riga, Latvia",https://lv.linkedin.com/jobs/view/data-engineer-at-claviz-4375707958,"javascript, sql, airflow, postgresql, aws, glue",2026-02-23,2026-02-24T07:14:22.165Z,mid/unspecified,false
DATA ANALYST II,Inter,Greater Belo Horizonte,https://br.linkedin.com/jobs/view/data-analyst-ii-at-inter-4374279582,"python, sql, spark",2026-02-23,2026-02-24T07:14:22.165Z,mid/unspecified,false
Data Engineer,"Bespoke Technologies, Inc.","Herndon, VA",https://www.linkedin.com/jobs/view/data-engineer-at-bespoke-technologies-inc-4377091975,,2026-02-24,2026-02-24T07:14:22.165Z,mid/unspecified,false
Junior Data Engineer,Delpath,"Greater Toronto Area, Canada",https://ca.linkedin.com/jobs/view/junior-data-engineer-at-delpath-4376826584,,2026-02-23,2026-02-24T07:14:22.165Z,entry/intern,true
Data Analyst,UpNext UAE,"Dubai, United Arab Emirates",https://ae.linkedin.com/jobs/view/data-analyst-at-upnext-uae-4376538858,sql,2026-02-23,2026-02-24T07:14:22.165Z,mid/unspecified,false
Data Engineer: Python / data lakes,Kite Consulting Group,"London Area, United Kingdom",https://uk.linkedin.com/jobs/view/data-engineer-python-data-lakes-at-kite-consulting-group-4367153491,python,2026-02-23,2026-02-24T07:14:22.165Z,mid/unspecified,false
