Software Engineer 2- (SDET),Microsoft,"Hyderabad, Telangana, India",https://in.linkedin.com/jobs/view/software-engineer-2-sdet-at-microsoft-4344501847,"python, java, javascript, azure",2026-02-21,2026-02-22T09:07:36.870Z,mid/unspecified,false
Associate - Data Analyst,AstraZeneca,"Chennai, Tamil Nadu, India",https://in.linkedin.com/jobs/view/associate-data-analyst-at-astrazeneca-4374952283,"python, sql, spark, azure",2026-02-21,2026-02-22T09:07:36.870Z,mid/unspecified,false
Data Engineer,WPP Media,"Coimbatore, Tamil Nadu, India",https://in.linkedin.com/jobs/view/data-engineer-at-wpp-media-4359833968,"scala, sql, spark, synapse, azure, ci/cd",2026-02-22,2026-02-22T09:07:36.870Z,mid/unspecified,false
Data Engineer,Accenture in India,"Indore, Madhya Pradesh, India",https://in.linkedin.com/jobs/view/data-engineer-at-accenture-in-india-4283499179,,2026-02-21,2026-02-22T09:07:36.870Z,mid/unspecified,false
"Data Analyst Intern (Excel, SQL, Power BI)",Wake Up Whistle,India,https://in.linkedin.com/jobs/view/data-analyst-intern-excel-sql-power-bi-at-wake-up-whistle-4374932934,sql,2026-02-21,2026-02-22T09:07:36.870Z,entry/intern,true
"Data Engineer II, ITA - Workforce Intelligence, Core Data Acquisition, Core Data Acquisition",Amazon,"Bengaluru, Karnataka, India",https://in.linkedin.com/jobs/view/data-engineer-ii-ita-workforce-intelligence-core-data-acquisition-core-data-acquisition-at-amazon-4344827795,"sql, redshift, aws, s3, emr, glue, lambda",2026-02-21,2026-02-22T09:07:36.870Z,mid/unspecified,false
"Software Development Engineer I, Front End",Learneo,"Bengaluru, Karnataka, India",https://in.linkedin.com/jobs/view/software-development-engineer-i-front-end-at-learneo-4367662106,typescript,2026-02-21,2026-02-22T09:07:36.870Z,mid/unspecified,false
Data Engineer II,Swiss Re,"Bengaluru, Karnataka, India",https://in.linkedin.com/jobs/view/data-engineer-ii-at-swiss-re-4331955449,"sql, spark, aws, azure",2026-02-21,2026-02-22T09:07:36.870Z,mid/unspecified,false
Insight360 Data Engineer – Snowflake & KPI Migration,Delaplex,"Bengaluru, Karnataka, India",https://in.linkedin.com/jobs/view/insight360-data-engineer-%E2%80%93-snowflake-kpi-migration-at-delaplex-4374918637,"go, sql, snowflake",2026-02-21,2026-02-22T09:07:36.870Z,mid/unspecified,false
Software Engineer,Scoutit,"Bengaluru, Karnataka, India",https://in.linkedin.com/jobs/view/software-engineer-at-scoutit-4374921485,"python, java, golang",2026-02-21,2026-02-22T09:07:36.870Z,mid/unspecified,false
Software Engineer III (C++ Developer) - DSE Estimates,FactSet,"Hyderabad, Telangana, India",https://in.linkedin.com/jobs/view/software-engineer-iii-c%2B%2B-developer-dse-estimates-at-factset-4355219387,"python, sql, postgresql, github actions, ci/cd",2026-02-21,2026-02-22T09:07:36.870Z,mid/unspecified,false
"Data Analyst Intern (Excel, SQL, Power BI)",ArGo Intern,India,https://in.linkedin.com/jobs/view/data-analyst-intern-excel-sql-power-bi-at-argo-intern-4374935939,sql,2026-02-21,2026-02-22T09:07:36.870Z,entry/intern,true
Data Analyst I,Cohere Health,"Hyderabad, Telangana, India",https://in.linkedin.com/jobs/view/data-analyst-i-at-cohere-health-4367499886,"python, aws, s3, lambda",2026-02-21,2026-02-22T09:07:36.870Z,mid/unspecified,false
Data Engineer II - AWS,JPMorganChase,"Bengaluru, Karnataka, India",https://in.linkedin.com/jobs/view/data-engineer-ii-aws-at-jpmorganchase-4376329012,"python, sql, spark, airflow, redshift, aws, s3, emr, glue, lambda, jenkins, ci/cd",2026-02-21,2026-02-22T09:07:36.870Z,mid/unspecified,false
Associate Software Engineer -Python,Boeing,"Bengaluru, Karnataka, India",https://in.linkedin.com/jobs/view/associate-software-engineer-python-at-boeing-4373744863,"python, java, go, javascript, sql, docker, jenkins",2026-02-21,2026-02-22T09:07:36.870Z,mid/unspecified,false
Datastage Developer,BNP Paribas,"Bengaluru, Karnataka, India",https://in.linkedin.com/jobs/view/datastage-developer-at-bnp-paribas-4359425876,,2026-02-21,2026-02-22T09:07:36.870Z,mid/unspecified,false
Software Engineer(Backend) - Merchant (5 to 7 years),PhonePe,"Bengaluru, Karnataka, India",https://in.linkedin.com/jobs/view/software-engineer-backend-merchant-5-to-7-years-at-phonepe-4108539524,"java, go, mysql",2026-02-21,2026-02-22T09:07:36.870Z,mid/unspecified,false
Software Engineer,Emerson,"Pune, Maharashtra, India",https://in.linkedin.com/jobs/view/software-engineer-at-emerson-4359653483,typescript,2026-02-21,2026-02-22T09:07:36.870Z,mid/unspecified,false
Project Engineer (Fire Fighitng & Fire Alarm),Fire Remedy System,India,https://in.linkedin.com/jobs/view/project-engineer-fire-fighitng-fire-alarm-at-fire-remedy-system-4374938010,,2026-02-21,2026-02-22T09:07:36.870Z,mid/unspecified,false
MM-BOM Nuclear PEE Specialist,Larsen & Toubro,"Vadodara, Gujarat, India",https://in.linkedin.com/jobs/view/mm-bom-nuclear-pee-specialist-at-larsen-toubro-4359994059,,2026-02-21,2026-02-22T09:07:36.870Z,mid/unspecified,false
Mechanical Engineer,Emerson,"Pune, Maharashtra, India",https://in.linkedin.com/jobs/view/mechanical-engineer-at-emerson-4367643047,go,2026-02-21,2026-02-22T09:07:36.870Z,mid/unspecified,false
Production Engineer,KMP Technologies Pvt Ltd,"Gautam Buddha Nagar, Uttar Pradesh, India",https://in.linkedin.com/jobs/view/production-engineer-4374935013,,2026-02-21,2026-02-22T09:07:36.870Z,mid/unspecified,false
Engineer - Connectors,Eaton,"Pune, Maharashtra, India",https://in.linkedin.com/jobs/view/engineer-connectors-at-eaton-4347609977,beam,2026-02-21,2026-02-22T09:07:36.870Z,mid/unspecified,false
Engineer- Mechanical,Jubilant Ingrevia Limited,"Nira, Maharashtra, India",https://in.linkedin.com/jobs/view/engineer-mechanical-at-jubilant-ingrevia-limited-4367437439,,2026-02-21,2026-02-22T09:07:36.870Z,mid/unspecified,false
Engineer-TMSS,Tenneco,"Bengaluru, Karnataka, India",https://in.linkedin.com/jobs/view/engineer-tmss-at-tenneco-4376194695,,2026-02-21,2026-02-22T09:07:36.870Z,mid/unspecified,false
Workshop Engineer,D-Tech Solution integrators private Limited,"Bharuch, Gujarat, India",https://in.linkedin.com/jobs/view/workshop-engineer-at-d-tech%C2%A0solution-integrators-private-limited-4374921926,,2026-02-21,2026-02-22T09:07:36.870Z,mid/unspecified,false
Field Service Engineer,myGwork - LGBTQ+ Business Community,"Faridabad, Haryana, India",https://in.linkedin.com/jobs/view/field-service-engineer-at-mygwork-lgbtq%2B-business-community-4373756959,,2026-02-21,2026-02-22T09:07:36.870Z,mid/unspecified,false
Piping Material Engineer,Saipem,"Chennai, Tamil Nadu, India",https://in.linkedin.com/jobs/view/piping-material-engineer-at-saipem-4345201206,,2026-02-21,2026-02-22T09:07:36.870Z,mid/unspecified,false
Design Engr - CHO Projects MEP ( 82544046 ),Reliance Industries Limited,"Jamnagar, Gujarat, India",https://in.linkedin.com/jobs/view/design-engr-cho-projects-mep-82544046-at-reliance-industries-limited-4374921445,,2026-02-21,2026-02-22T09:07:36.870Z,mid/unspecified,false
Design Engineer,Konecranes,"Pune, Maharashtra, India",https://in.linkedin.com/jobs/view/design-engineer-at-konecranes-4311468577,,2026-02-21,2026-02-22T09:07:36.870Z,mid/unspecified,false
Engineer II Mechanical Engineering X,Vertiv,"Pune, Maharashtra, India",https://in.linkedin.com/jobs/view/engineer-ii-mechanical-engineering-x-at-vertiv-4334356976,,2026-02-21,2026-02-22T09:07:36.870Z,mid/unspecified,false
Sales Service Engineer,Metal Care Incorporated ( Authorised dealer for Godrej MHE),"Navi Mumbai, Maharashtra, India",https://in.linkedin.com/jobs/view/sales-service-engineer-4373759043,,2026-02-21,2026-02-22T09:07:36.870Z,mid/unspecified,false
Design Engineer,Dover India,"Bengaluru, Karnataka, India",https://in.linkedin.com/jobs/view/design-engineer-at-dover-india-4356721852,,2026-02-21,2026-02-22T09:07:36.870Z,mid/unspecified,false
BIOMEDICAL / MECHANICAL ENGINEER WITH COMSOL MULTIPHYSICS EXPERTISE,Geminex technologies,"Palanpur, Gujarat, India",https://in.linkedin.com/jobs/view/biomedical-mechanical-engineer-with-comsol-multiphysics-expertise-at-geminex-technologies-4373761136,,2026-02-21,2026-02-22T09:07:36.870Z,mid/unspecified,false
Design Engineer V,Nexus Consulting,India,https://in.linkedin.com/jobs/view/design-engineer-v-at-nexus-consulting-4376307679,,2026-02-21,2026-02-22T09:07:36.870Z,mid/unspecified,false
Engineer I (Structural),American Bureau of Shipping (ABS),"Mumbai, Maharashtra, India",https://in.linkedin.com/jobs/view/engineer-i-structural-at-american-bureau-of-shipping-abs-4367223070,,2026-02-21,2026-02-22T09:07:36.870Z,mid/unspecified,false
Design Engineer – Engine,Inde Dutch Engineering & Aerospace Services Ltd,"Chandigarh, Chandigarh, India",https://in.linkedin.com/jobs/view/design-engineer-%E2%80%93-engine-at-inde-dutch-engineering-aerospace-services-ltd-4373756192,,2026-02-21,2026-02-22T09:07:36.870Z,mid/unspecified,false
CATIA V5 Design Engineer,Cyient,"Bengaluru, Karnataka, India",https://in.linkedin.com/jobs/view/catia-v5-design-engineer-at-cyient-4373757212,,2026-02-21,2026-02-22T09:07:36.870Z,mid/unspecified,false
Data Engineer,Shuru,"Bengaluru, Karnataka, India",https://in.linkedin.com/jobs/view/data-engineer-at-shuru-4376302980,"python, java, scala, go, sql, spark, airflow, kafka, beam, snowflake, bigquery, redshift, mongodb, cassandra, dynamodb, aws, gcp, s3, emr, glue, lambda, dataflow, docker, kubernetes, terraform",2026-02-21,2026-02-22T09:07:36.870Z,mid/unspecified,false
"Software Engineer, AVP",NatWest Group,"Gurugram, Haryana, India",https://in.linkedin.com/jobs/view/software-engineer-avp-at-natwest-group-4366862661,sql,2026-02-21,2026-02-22T09:07:36.870Z,mid/unspecified,false
